Handle,Title,Body (HTML),Vendor,Type,Tags,Published,Option1 Name,Option1 Value,Option2 Name,Option2 Value,Variant SKU,Variant Grams,Variant Inventory Tracker,Variant Inventory Qty,Variant Inventory Policy,Variant Fulfillment Service,Variant Price,Variant Requires Shipping,Variant Taxable,Image Src,Image Position,Image Alt Text,Variant Image,Variant Weight Unit,SEO Title,SEO Description,Status
lenvol-essentiel,L'Envol — Essentiel,"<p>La version la plus pure. Le petit personnage de L'Envol est brodé côté cœur, fil à fil, comme une signature. Rien au dos : seulement le geste, discret, de celui qui s'apprête à quitter le sol.</p>
<p><strong>Avant :</strong> broderie de L'Envol, côté cœur.<br><strong>Dos :</strong> dos nu.</p>
<h3>Matière &amp; coupe</h3>
<ul><li>180 g/m² · Medium Fit · XS – XL</li><li>Single Jersey</li><li>100 % coton : 70 % coton biologique, 30 % coton recyclé</li><li>Combed Ring Spun · Fabric washed</li><li>Côte 1x1 au col, bande de propreté intérieur col</li><li>Manches montées, surpiqûre double large en bas de manches et bas de corps</li></ul>
<p>Lavage à 30 °C, à l'envers.</p>
<h3>Précommande</h3>
<p>Cet article est vendu en précommande. Il est fabriqué après la clôture des précommandes, puis expédié : compte environ 14 jours après la clôture pour le recevoir.</p>",Grégoire van der Stappen,T-shirt,"L'Envol, précommande, broderie",TRUE,Couleur,Blanc,Taille,XS,LENVOL-ESS-BLA-XS,200,shopify,0,continue,manual,49.00,TRUE,TRUE,https://raw.githubusercontent.com/gregoirevanderstappen/projet-vetement/781c5587f11c986c84ce3758ce9792379373f396/assets/img/produits/essentiel-blanc-avant.jpg,1,"L'Envol — Essentiel, blanc, vue de face",https://raw.githubusercontent.com/gregoirevanderstappen/projet-vetement/781c5587f11c986c84ce3758ce9792379373f396/assets/img/produits/essentiel-blanc-avant.jpg,g,L'Envol — Essentiel | Grégoire van der Stappen,"La version la plus pure. Le petit personnage de L'Envol est brodé côté cœur, fil à fil, comme une signature. Rien au dos : seulement le geste, discret, de ",active
lenvol-essentiel,,,,,,,,Blanc,,S,LENVOL-ESS-BLA-S,200,shopify,0,continue,manual,49.00,TRUE,TRUE,https://raw.githubusercontent.com/gregoirevanderstappen/projet-vetement/781c5587f11c986c84ce3758ce9792379373f396/assets/img/produits/essentiel-blanc-dos.jpg,2,"L'Envol — Essentiel, blanc, vue de dos",https://raw.githubusercontent.com/gregoirevanderstappen/projet-vetement/781c5587f11c986c84ce3758ce9792379373f396/assets/img/produits/essentiel-blanc-avant.jpg,g,,,
lenvol-essentiel,,,,,,,,Blanc,,M,LENVOL-ESS-BLA-M,200,shopify,0,continue,manual,49.00,TRUE,TRUE,https://raw.githubusercontent.com/gregoirevanderstappen/projet-vetement/781c5587f11c986c84ce3758ce9792379373f396/assets/img/produits/essentiel-marine-avant.jpg,3,"L'Envol — Essentiel, marine, vue de face",https://raw.githubusercontent.com/gregoirevanderstappen/projet-vetement/781c5587f11c986c84ce3758ce9792379373f396/assets/img/produits/essentiel-blanc-avant.jpg,g,,,
lenvol-essentiel,,,,,,,,Blanc,,L,LENVOL-ESS-BLA-L,200,shopify,0,continue,manual,49.00,TRUE,TRUE,https://raw.githubusercontent.com/gregoirevanderstappen/projet-vetement/781c5587f11c986c84ce3758ce9792379373f396/assets/img/produits/essentiel-marine-dos.jpg,4,"L'Envol — Essentiel, marine, vue de dos",https://raw.githubusercontent.com/gregoirevanderstappen/projet-vetement/781c5587f11c986c84ce3758ce9792379373f396/assets/img/produits/essentiel-blanc-avant.jpg,g,,,
lenvol-essentiel,,,,,,,,Blanc,,XL,LENVOL-ESS-BLA-XL,200,shopify,0,continue,manual,49.00,TRUE,TRUE,,,,https://raw.githubusercontent.com/gregoirevanderstappen/projet-vetement/781c5587f11c986c84ce3758ce9792379373f396/assets/img/produits/essentiel-blanc-avant.jpg,g,,,
lenvol-essentiel,,,,,,,,Marine,,XS,LENVOL-ESS-MAR-XS,200,shopify,0,continue,manual,49.00,TRUE,TRUE,,,,https://raw.githubusercontent.com/gregoirevanderstappen/projet-vetement/781c5587f11c986c84ce3758ce9792379373f396/assets/img/produits/essentiel-marine-avant.jpg,g,,,
lenvol-essentiel,,,,,,,,Marine,,S,LENVOL-ESS-MAR-S,200,shopify,0,continue,manual,49.00,TRUE,TRUE,,,,https://raw.githubusercontent.com/gregoirevanderstappen/projet-vetement/781c5587f11c986c84ce3758ce9792379373f396/assets/img/produits/essentiel-marine-avant.jpg,g,,,
lenvol-essentiel,,,,,,,,Marine,,M,LENVOL-ESS-MAR-M,200,shopify,0,continue,manual,49.00,TRUE,TRUE,,,,https://raw.githubusercontent.com/gregoirevanderstappen/projet-vetement/781c5587f11c986c84ce3758ce9792379373f396/assets/img/produits/essentiel-marine-avant.jpg,g,,,
lenvol-essentiel,,,,,,,,Marine,,L,LENVOL-ESS-MAR-L,200,shopify,0,continue,manual,49.00,TRUE,TRUE,,,,https://raw.githubusercontent.com/gregoirevanderstappen/projet-vetement/781c5587f11c986c84ce3758ce9792379373f396/assets/img/produits/essentiel-marine-avant.jpg,g,,,
lenvol-essentiel,,,,,,,,Marine,,XL,LENVOL-ESS-MAR-XL,200,shopify,0,continue,manual,49.00,TRUE,TRUE,,,,https://raw.githubusercontent.com/gregoirevanderstappen/projet-vetement/781c5587f11c986c84ce3758ce9792379373f396/assets/img/produits/essentiel-marine-avant.jpg,g,,,
lenvol-ciel,L'Envol — Ciel,"<p>Au dos, une aquarelle originale : un ciel bleu lavé, une mer de ballons aux couleurs franches, et L'Envol qui s'élève au-dessus. Les ballons, c'est l'enfance ; le ciel, c'est la liberté qu'on s'autorise enfin à prendre.</p>
<p><strong>Avant :</strong> broderie de L'Envol, côté cœur.<br><strong>Dos :</strong> impression de l'aquarelle « Ciel ».</p>
<h3>Matière &amp; coupe</h3>
<ul><li>180 g/m² · Medium Fit · XS – XL</li><li>Single Jersey</li><li>100 % coton : 70 % coton biologique, 30 % coton recyclé</li><li>Combed Ring Spun · Fabric washed</li><li>Côte 1x1 au col, bande de propreté intérieur col</li><li>Manches montées, surpiqûre double large en bas de manches et bas de corps</li></ul>
<p>Lavage à 30 °C, à l'envers.</p>
<h3>Précommande</h3>
<p>Cet article est vendu en précommande. Il est fabriqué après la clôture des précommandes, puis expédié : compte environ 14 jours après la clôture pour le recevoir.</p>",Grégoire van der Stappen,T-shirt,"L'Envol, précommande, broderie",TRUE,Couleur,Blanc,Taille,XS,LENVOL-CIEL-BLA-XS,200,shopify,0,continue,manual,56.00,TRUE,TRUE,https://raw.githubusercontent.com/gregoirevanderstappen/projet-vetement/781c5587f11c986c84ce3758ce9792379373f396/assets/img/produits/ciel-blanc-avant.jpg,1,"L'Envol — Ciel, blanc, vue de face",https://raw.githubusercontent.com/gregoirevanderstappen/projet-vetement/781c5587f11c986c84ce3758ce9792379373f396/assets/img/produits/ciel-blanc-avant.jpg,g,L'Envol — Ciel | Grégoire van der Stappen,"Au dos, une aquarelle originale : un ciel bleu lavé, une mer de ballons aux couleurs franches, et L'Envol qui s'élève au-dessus. Les ballons, c'est l'enfan",active
lenvol-ciel,,,,,,,,Blanc,,S,LENVOL-CIEL-BLA-S,200,shopify,0,continue,manual,56.00,TRUE,TRUE,https://raw.githubusercontent.com/gregoirevanderstappen/projet-vetement/781c5587f11c986c84ce3758ce9792379373f396/assets/img/produits/ciel-blanc-dos.jpg,2,"L'Envol — Ciel, blanc, vue de dos",https://raw.githubusercontent.com/gregoirevanderstappen/projet-vetement/781c5587f11c986c84ce3758ce9792379373f396/assets/img/produits/ciel-blanc-avant.jpg,g,,,
lenvol-ciel,,,,,,,,Blanc,,M,LENVOL-CIEL-BLA-M,200,shopify,0,continue,manual,56.00,TRUE,TRUE,https://raw.githubusercontent.com/gregoirevanderstappen/projet-vetement/781c5587f11c986c84ce3758ce9792379373f396/assets/img/produits/ciel-marine-avant.jpg,3,"L'Envol — Ciel, marine, vue de face",https://raw.githubusercontent.com/gregoirevanderstappen/projet-vetement/781c5587f11c986c84ce3758ce9792379373f396/assets/img/produits/ciel-blanc-avant.jpg,g,,,
lenvol-ciel,,,,,,,,Blanc,,L,LENVOL-CIEL-BLA-L,200,shopify,0,continue,manual,56.00,TRUE,TRUE,https://raw.githubusercontent.com/gregoirevanderstappen/projet-vetement/781c5587f11c986c84ce3758ce9792379373f396/assets/img/produits/ciel-marine-dos.jpg,4,"L'Envol — Ciel, marine, vue de dos",https://raw.githubusercontent.com/gregoirevanderstappen/projet-vetement/781c5587f11c986c84ce3758ce9792379373f396/assets/img/produits/ciel-blanc-avant.jpg,g,,,
lenvol-ciel,,,,,,,,Blanc,,XL,LENVOL-CIEL-BLA-XL,200,shopify,0,continue,manual,56.00,TRUE,TRUE,,,,https://raw.githubusercontent.com/gregoirevanderstappen/projet-vetement/781c5587f11c986c84ce3758ce9792379373f396/assets/img/produits/ciel-blanc-avant.jpg,g,,,
lenvol-ciel,,,,,,,,Marine,,XS,LENVOL-CIEL-MAR-XS,200,shopify,0,continue,manual,56.00,TRUE,TRUE,,,,https://raw.githubusercontent.com/gregoirevanderstappen/projet-vetement/781c5587f11c986c84ce3758ce9792379373f396/assets/img/produits/ciel-marine-avant.jpg,g,,,
lenvol-ciel,,,,,,,,Marine,,S,LENVOL-CIEL-MAR-S,200,shopify,0,continue,manual,56.00,TRUE,TRUE,,,,https://raw.githubusercontent.com/gregoirevanderstappen/projet-vetement/781c5587f11c986c84ce3758ce9792379373f396/assets/img/produits/ciel-marine-avant.jpg,g,,,
lenvol-ciel,,,,,,,,Marine,,M,LENVOL-CIEL-MAR-M,200,shopify,0,continue,manual,56.00,TRUE,TRUE,,,,https://raw.githubusercontent.com/gregoirevanderstappen/projet-vetement/781c5587f11c986c84ce3758ce9792379373f396/assets/img/produits/ciel-marine-avant.jpg,g,,,
lenvol-ciel,,,,,,,,Marine,,L,LENVOL-CIEL-MAR-L,200,shopify,0,continue,manual,56.00,TRUE,TRUE,,,,https://raw.githubusercontent.com/gregoirevanderstappen/projet-vetement/781c5587f11c986c84ce3758ce9792379373f396/assets/img/produits/ciel-marine-avant.jpg,g,,,
lenvol-ciel,,,,,,,,Marine,,XL,LENVOL-CIEL-MAR-XL,200,shopify,0,continue,manual,56.00,TRUE,TRUE,,,,https://raw.githubusercontent.com/gregoirevanderstappen/projet-vetement/781c5587f11c986c84ce3758ce9792379373f396/assets/img/produits/ciel-marine-avant.jpg,g,,,
lenvol-dunes,L'Envol — Dunes,"<p>Au dos, une aquarelle originale aux tons de sable : des dunes en relief, un soleil rouge posé à l'horizon, et L'Envol qui s'en va vers un nouveau jour. Une image calme pour un nouveau départ.</p>
<p><strong>Avant :</strong> broderie de L'Envol, côté cœur.<br><strong>Dos :</strong> impression de l'aquarelle « Dunes ».</p>
<h3>Matière &amp; coupe</h3>
<ul><li>180 g/m² · Medium Fit · XS – XL</li><li>Single Jersey</li><li>100 % coton : 70 % coton biologique, 30 % coton recyclé</li><li>Combed Ring Spun · Fabric washed</li><li>Côte 1x1 au col, bande de propreté intérieur col</li><li>Manches montées, surpiqûre double large en bas de manches et bas de corps</li></ul>
<p>Lavage à 30 °C, à l'envers.</p>
<h3>Précommande</h3>
<p>Cet article est vendu en précommande. Il est fabriqué après la clôture des précommandes, puis expédié : compte environ 14 jours après la clôture pour le recevoir.</p>",Grégoire van der Stappen,T-shirt,"L'Envol, précommande, broderie",TRUE,Couleur,Blanc,Taille,XS,LENVOL-DUN-BLA-XS,200,shopify,0,continue,manual,56.00,TRUE,TRUE,https://raw.githubusercontent.com/gregoirevanderstappen/projet-vetement/781c5587f11c986c84ce3758ce9792379373f396/assets/img/produits/dunes-blanc-avant.jpg,1,"L'Envol — Dunes, blanc, vue de face",https://raw.githubusercontent.com/gregoirevanderstappen/projet-vetement/781c5587f11c986c84ce3758ce9792379373f396/assets/img/produits/dunes-blanc-avant.jpg,g,L'Envol — Dunes | Grégoire van der Stappen,"Au dos, une aquarelle originale aux tons de sable : des dunes en relief, un soleil rouge posé à l'horizon, et L'Envol qui s'en va vers un nouveau jour. Une",active
lenvol-dunes,,,,,,,,Blanc,,S,LENVOL-DUN-BLA-S,200,shopify,0,continue,manual,56.00,TRUE,TRUE,https://raw.githubusercontent.com/gregoirevanderstappen/projet-vetement/781c5587f11c986c84ce3758ce9792379373f396/assets/img/produits/dunes-blanc-dos.jpg,2,"L'Envol — Dunes, blanc, vue de dos",https://raw.githubusercontent.com/gregoirevanderstappen/projet-vetement/781c5587f11c986c84ce3758ce9792379373f396/assets/img/produits/dunes-blanc-avant.jpg,g,,,
lenvol-dunes,,,,,,,,Blanc,,M,LENVOL-DUN-BLA-M,200,shopify,0,continue,manual,56.00,TRUE,TRUE,https://raw.githubusercontent.com/gregoirevanderstappen/projet-vetement/781c5587f11c986c84ce3758ce9792379373f396/assets/img/produits/dunes-marine-avant.jpg,3,"L'Envol — Dunes, marine, vue de face",https://raw.githubusercontent.com/gregoirevanderstappen/projet-vetement/781c5587f11c986c84ce3758ce9792379373f396/assets/img/produits/dunes-blanc-avant.jpg,g,,,
lenvol-dunes,,,,,,,,Blanc,,L,LENVOL-DUN-BLA-L,200,shopify,0,continue,manual,56.00,TRUE,TRUE,https://raw.githubusercontent.com/gregoirevanderstappen/projet-vetement/781c5587f11c986c84ce3758ce9792379373f396/assets/img/produits/dunes-marine-dos.jpg,4,"L'Envol — Dunes, marine, vue de dos",https://raw.githubusercontent.com/gregoirevanderstappen/projet-vetement/781c5587f11c986c84ce3758ce9792379373f396/assets/img/produits/dunes-blanc-avant.jpg,g,,,
lenvol-dunes,,,,,,,,Blanc,,XL,LENVOL-DUN-BLA-XL,200,shopify,0,continue,manual,56.00,TRUE,TRUE,,,,https://raw.githubusercontent.com/gregoirevanderstappen/projet-vetement/781c5587f11c986c84ce3758ce9792379373f396/assets/img/produits/dunes-blanc-avant.jpg,g,,,
lenvol-dunes,,,,,,,,Marine,,XS,LENVOL-DUN-MAR-XS,200,shopify,0,continue,manual,56.00,TRUE,TRUE,,,,https://raw.githubusercontent.com/gregoirevanderstappen/projet-vetement/781c5587f11c986c84ce3758ce9792379373f396/assets/img/produits/dunes-marine-avant.jpg,g,,,
lenvol-dunes,,,,,,,,Marine,,S,LENVOL-DUN-MAR-S,200,shopify,0,continue,manual,56.00,TRUE,TRUE,,,,https://raw.githubusercontent.com/gregoirevanderstappen/projet-vetement/781c5587f11c986c84ce3758ce9792379373f396/assets/img/produits/dunes-marine-avant.jpg,g,,,
lenvol-dunes,,,,,,,,Marine,,M,LENVOL-DUN-MAR-M,200,shopify,0,continue,manual,56.00,TRUE,TRUE,,,,https://raw.githubusercontent.com/gregoirevanderstappen/projet-vetement/781c5587f11c986c84ce3758ce9792379373f396/assets/img/produits/dunes-marine-avant.jpg,g,,,
lenvol-dunes,,,,,,,,Marine,,L,LENVOL-DUN-MAR-L,200,shopify,0,continue,manual,56.00,TRUE,TRUE,,,,https://raw.githubusercontent.com/gregoirevanderstappen/projet-vetement/781c5587f11c986c84ce3758ce9792379373f396/assets/img/produits/dunes-marine-avant.jpg,g,,,
lenvol-dunes,,,,,,,,Marine,,XL,LENVOL-DUN-MAR-XL,200,shopify,0,continue,manual,56.00,TRUE,TRUE,,,,https://raw.githubusercontent.com/gregoirevanderstappen/projet-vetement/781c5587f11c986c84ce3758ce9792379373f396/assets/img/produits/dunes-marine-avant.jpg,g,,,
